tag,description
AbusiveUseOfIllicitPsychoactiveAmputationMIAndOsteoarthritis,ontriscal:AbusiveUseOfIllicitPsychoactiveAmputationMIAndOsteoarthritis
AcceleratedThinking,ontriscal:AcceleratedThinking
Acceptance,ontriscal:Acceptance
Adolescent,ontriscal:Adolescent
Adult,ontriscal:Adult
AdvancedAgeDifficultyLocomotion,ontriscal:AdvancedAgeDifficultyLocomotion
AgeGroup,ontriscal:AgeGroup
Aggressiveness,ontriscal:Aggressiveness
Agitation,ontriscal:Agitation
Agnosia,ontriscal:Agnosia
Alcohol,ontriscal:Alcohol
AlcoholAndAlprazolam,ontriscal:AlcoholAndAlprazolam
AlcoholAndCocaine,ontriscal:AlcoholAndCocaine
AlcoholAndMarijuana,ontriscal:AlcoholAndMarijuana
AlcoholAndMultipleDrugs,ontriscal:AlcoholAndMultipleDrugs
Alcoholism,ontriscal:Alcoholism
AllergicCrises,ontriscal:AllergicCrises
AlzheimerDementia,ontriscal:AlzheimerDementia
Amnesias,ontriscal:Amnesias
Anorexia,ontriscal:Anorexia
AnswerOption,ontriscal:AnswerOption
Anxiety,ontriscal:Anxiety
Attention,ontriscal:Attention
Autism,ontriscal:Autism
AutomaticThinking,ontriscal:AutomaticThinking
AvoidanceOfThreateningSignsOrSituations,ontriscal:AvoidanceOfThreateningSignsOrSituations
BackAndKneeProblems,ontriscal:BackAndKneeProblems
BariatricObesity,ontriscal:BariatricObesity
BariatricPatient,ontriscal:BariatricPatient
BeginningQuestionnarie,ontriscal:BeginningQuestionnarie
BehaviorAspects,ontriscal:BehaviorAspects
BehaviorSymptoms,ontriscal:BehaviorSymptoms
BingeEating,ontriscal:BingeEating
BiologicalSex,ontriscal:BiologicalSex
Brainstorming,ontriscal:Brainstorming
BreastCancer,ontriscal:BreastCancer
Bulimia,ontriscal:Bulimia
Cannabis,ontriscal:Cannabis
CardiopathDiabetesNeuropath,ontriscal:CardiopathDiabetesNeuropath
CareTeam,ontriscal:CareTeam
Catastrophizing,ontriscal:Catastrophizing
CerebellarDegeneration,ontriscal:CerebellarDegeneration
ChestPressure,ontriscal:ChestPressure
Chills,ontriscal:Chills
ChokingSensation,ontriscal:ChokingSensation
ChronicSmokingAndCOPDRisk,ontriscal:ChronicSmokingAndCOPDRisk
ChronicSmokingCOPDThrombogeitisWithAmputationAndVertebralOsteoarthritis,ontriscal:ChronicSmokingCOPDThrombogeitisWithAmputationAndVertebralOsteoarthritis
CirculationLocomotion,ontriscal:CirculationLocomotion
ClinicalData,ontriscal:ClinicalData
ClinicalEvaluation,ontriscal:ClinicalEvaluation
ClinicalStrategies,ontriscal:ClinicalStrategies
Cocaine,ontriscal:Cocaine
CoexistenceWorkshop,ontriscal:CoexistenceWorkshop
CognitiveAspect,ontriscal:CognitiveAspect
CognitiveDistortion,ontriscal:CognitiveDistortion
CognitiveFunctions,ontriscal:CognitiveFunctions
CognitiveRestructuring,ontriscal:CognitiveRestructuring
CognitiveSymptoms,ontriscal:CognitiveSymptoms
CommonMentalDisorder,ontriscal:CommonMentalDisorder
Comorbidity,ontriscal:Comorbidity
CondensationOfConcepts,ontriscal:CondensationOfConcepts
Confrontation,ontriscal:Confrontation
ContextualAspect,ontriscal:ContextualAspect
ConvulsiveCrisis,ontriscal:ConvulsiveCrisis
CopingStrategies,ontriscal:CopingStrategies
CoreBelief,ontriscal:CoreBelief
Crack,ontriscal:Crack
CrackCocaine,ontriscal:CrackCocaine
CreepedOut,ontriscal:CreepedOut
DanceWorkshop,ontriscal:DanceWorkshop
DecatastrophizingWithDescendingArrows,ontriscal:DecatastrophizingWithDescendingArrows
DecisionMaking,ontriscal:DecisionMaking
DeficientThinking,ontriscal:DeficientThinking
Delirium,ontriscal:Delirium
DelusionalDisorder,ontriscal:DelusionalDisorder
DementiaWithLewyBodies,ontriscal:DementiaWithLewyBodies
DependencyAutonomy,ontriscal:DependencyAutonomy
Depression,ontriscal:Depression
Desensitization,ontriscal:Desensitization
Devaluation,ontriscal:Devaluation
Diabetes,ontriscal:Diabetes
DiabetesDiabeticNeuropathy,ontriscal:DiabetesDiabeticNeuropathy
DiabetesHypertensionThyroidProblem,ontriscal:DiabetesHypertensionThyroidProblem
DiabetesOsteoporosis,ontriscal:DiabetesOsteoporosis
Diarrhea,ontriscal:Diarrhea
DichotomousThinking,ontriscal:DichotomousThinking
DifficultyOfReasoning,ontriscal:DifficultyOfReasoning
DifficultySpeaking,ontriscal:DifficultySpeaking
Disaffection,ontriscal:Disaffection
Disease_Spine_Arthrodesis,ontriscal:Disease_Spine_Arthrodesis
Disgusted,ontriscal:Disgusted
DisintegrationOfConcepts,ontriscal:DisintegrationOfConcepts
Distraction,ontriscal:Distraction
Distractions,ontriscal:Distractions
Dizziness,ontriscal:Dizziness
Doctor,ontriscal:Doctor
DodgeAndEscape,ontriscal:DodgeAndEscape
DryMouth,ontriscal:DryMouth
Eagerness,ontriscal:Eagerness
EatingDisorder,ontriscal:EatingDisorder
Elderly,ontriscal:Elderly
EmotionalAspects,ontriscal:EmotionalAspects
EmotionalReasoning,ontriscal:EmotionalReasoning
EmotionalSymptoms,ontriscal:EmotionalSymptoms
Endometriosis,ontriscal:Endometriosis
Epilepsy,ontriscal:Epilepsy
EpilepsyAneurysmEatingDisorder,ontriscal:EpilepsyAneurysmEatingDisorder
EvidenceAnalysis,ontriscal:EvidenceAnalysis
Excited,ontriscal:Excited
ExecutiveFunctions,ontriscal:ExecutiveFunctions
ExposureTechniques,ontriscal:ExposureTechniques
F00-F09,ontriscal:F00-F09
F00-F99,ontriscal:F00-F99
F10-F19,ontriscal:F10-F19
F20-F29,ontriscal:F20-F29
F30-F39,ontriscal:F30-F39
F40-F48,ontriscal:F40-F48
F50-F59,ontriscal:F50-F59
F60-F69,ontriscal:F60-F69
F70-F79,ontriscal:F70-F79
F80-F89,ontriscal:F80-F89
F90-F98,ontriscal:F90-F98
F99,ontriscal:F99
FaceCards,ontriscal:FaceCards
Fainting,ontriscal:Fainting
Fear,ontriscal:Fear
FearOfGoingCrazy,ontriscal:FearOfGoingCrazy
FearOfLosingControl,ontriscal:FearOfLosingControl
FearOfNegativeEvaluationByOthers,ontriscal:FearOfNegativeEvaluationByOthers
FearOfPhysicalInjuryOrDeath,ontriscal:FearOfPhysicalInjuryOrDeath
Female,ontriscal:Female
Fibromyalgia,ontriscal:Fibromyalgia
FinalQuestionnarie,ontriscal:FinalQuestionnarie
FinalScore,ontriscal:FinalScore
Flexibility,ontriscal:Flexibility
Freezing,ontriscal:Freezing
FrequencyOfUsePsychoactiveSubstance,ontriscal:FrequencyOfUsePsychoactiveSubstance
FrontotemporalDementia,ontriscal:FrontotemporalDementia
Frustrated,ontriscal:Frustrated
Frustration,ontriscal:Frustration
Generalization,ontriscal:Generalization
Glaucoma,ontriscal:Glaucoma
GroupService,ontriscal:GroupService
Hallucination,ontriscal:Hallucination
hallucinationByHearing,ontriscal:hallucinationByHearing
HandicraftWorkshop,ontriscal:HandicraftWorkshop
Happiness,ontriscal:Happiness
HealthCareLevel,ontriscal:HealthCareLevel
HeartDiseaseObesity,ontriscal:HeartDiseaseObesity
HeartDiseaseVariousSurgicalProceduresAllergies,ontriscal:HeartDiseaseVariousSurgicalProceduresAllergies
HeatWaves,ontriscal:HeatWaves
Helplessness,ontriscal:Helplessness
HepatitisLiverCirrhosis,ontriscal:HepatitisLiverCirrhosis
High,ontriscal:High
HighBloodPressureDiabetes,ontriscal:HighBloodPressureDiabetes
HighRiskLevel,ontriscal:HighRiskLevel
HIV,ontriscal:HIV
http://www.w3.org/2002/07/owl#Thing,ontriscal:http://www.w3.org/2002/07/owl#Thing
Hyperesthesia,ontriscal:Hyperesthesia
Hypergeneralization,ontriscal:Hypergeneralization
Hypermnesia,ontriscal:Hypermnesia
Hyperpathy,ontriscal:Hyperpathy
Hypersomnia,ontriscal:Hypersomnia
Hypertension,ontriscal:Hypertension
HypertensionDiabetes,ontriscal:HypertensionDiabetes
Hyperventilation,ontriscal:Hyperventilation
Hypoesthesia,ontriscal:Hypoesthesia
Hypothyroidism,ontriscal:Hypothyroidism
ICDGroup,ontriscal:ICDGroup
Illness,ontriscal:Illness
Impatient,ontriscal:Impatient
Impulsiveness,ontriscal:Impulsiveness
InBlank,ontriscal:InBlank
IncreasedHeartRate,ontriscal:IncreasedHeartRate
IndividualPsychologicalService,ontriscal:IndividualPsychologicalService
Inhibition,ontriscal:Inhibition
InjectablePreAnestheticMedication,ontriscal:InjectablePreAnestheticMedication
Insanity,ontriscal:Insanity
IntermediateBelief,ontriscal:IntermediateBelief
Intestinal_Problems,ontriscal:Intestinal_Problems
Irritable,ontriscal:Irritable
Jealousy,ontriscal:Jealousy
KorsakoffSyndrome,ontriscal:KorsakoffSyndrome
Language,ontriscal:Language
Lettering,ontriscal:Lettering
LighterGas,ontriscal:LighterGas
LimitedCognitiveAbility,ontriscal:LimitedCognitiveAbility
LossOfBalance,ontriscal:LossOfBalance
Low,ontriscal:Low
LowRiskLevel,ontriscal:LowRiskLevel
Lupus,ontriscal:Lupus
Male,ontriscal:Male
MathematicalOperation,ontriscal:MathematicalOperation
MaximizationOfTheNegative,ontriscal:MaximizationOfTheNegative
MedicalCare,ontriscal:MedicalCare
Medium,ontriscal:Medium
MediumRiskLevel,ontriscal:MediumRiskLevel
Memory,ontriscal:Memory
MentalDisorder,ontriscal:MentalDisorder
Migraine,ontriscal:Migraine
MindReading,ontriscal:MindReading
MinimizationOfThePositive,ontriscal:MinimizationOfThePositive
MnemicHallucinations,ontriscal:MnemicHallucinations
MnemicIllusions,ontriscal:MnemicIllusions
MultipleDrugs,ontriscal:MultipleDrugs
MuscularTension,ontriscal:MuscularTension
MusicWorkshop,ontriscal:MusicWorkshop
Nausea,ontriscal:Nausea
Nervous,ontriscal:Nervous
NeurologicalDamageCausedByCarbonMonoxideInhalation,ontriscal:NeurologicalDamageCausedByCarbonMonoxideInhalation
NeurologicLabirinthitisFollow-up,ontriscal:NeurologicLabirinthitisFollow-up
No,ontriscal:No
NumbnessInLimbs,ontriscal:NumbnessInLimbs
Nurse,ontriscal:Nurse
NursingAssistance,ontriscal:NursingAssistance
Nutrition,ontriscal:Nutrition
NutritionalAssistance,ontriscal:NutritionalAssistance
Obesity,ontriscal:Obesity
ObesityAndConsequences,ontriscal:ObesityAndConsequences
ObesityJointProblems,ontriscal:ObesityJointProblems
Organization,ontriscal:Organization
Orthopedic,ontriscal:Orthopedic
OrthopedicDiabetes,ontriscal:OrthopedicDiabetes
OrthopedicNeurologist,ontriscal:OrthopedicNeurologist
OrthopedicProblem,ontriscal:OrthopedicProblem
OrthopedicProblemInTheSpine,ontriscal:OrthopedicProblemInTheSpine
PaintingWorkshop,ontriscal:PaintingWorkshop
PaintThinner,ontriscal:PaintThinner
Palpitations,ontriscal:Palpitations
Paresthesias,ontriscal:Paresthesias
ParkinsonDisease,ontriscal:ParkinsonDisease
Parkinsonism,ontriscal:Parkinsonism
Passivity,ontriscal:Passivity
PathologicalLie,ontriscal:PathologicalLie
Patient,ontriscal:Patient
PerceptionsOfUnrealityOrDetachment,ontriscal:PerceptionsOfUnrealityOrDetachment
Perfectionism,ontriscal:Perfectionism
Person,ontriscal:Person
Personalization,ontriscal:Personalization
PetroleumDerivatives,ontriscal:PetroleumDerivatives
PhysiologicalSymptoms,ontriscal:PhysiologicalSymptoms
PizzaTechnique,ontriscal:PizzaTechnique
Planning,ontriscal:Planning
PoorConcentration,ontriscal:PoorConcentration
PoorMemory,ontriscal:PoorMemory
PreDiabetes,ontriscal:PreDiabetes
PredictionOfTheFuture,ontriscal:PredictionOfTheFuture
Primary,ontriscal:Primary
ProblemSolving,ontriscal:ProblemSolving
Prosopagnosy,ontriscal:Prosopagnosy
PsychoactiveSubstance,ontriscal:PsychoactiveSubstance
Psychoeducation,ontriscal:Psychoeducation
Psychologist,ontriscal:Psychologist
Psychotherapy,ontriscal:Psychotherapy
Question,ontriscal:Question
QuestionGroup,ontriscal:QuestionGroup
QuestionnaireElement,ontriscal:QuestionnaireElement
Questionnarie,ontriscal:Questionnarie
Rage,ontriscal:Rage
RapidBreathing,ontriscal:RapidBreathing
Reactivity,ontriscal:Reactivity
RecordingDysfunctionalThoughts,ontriscal:RecordingDysfunctionalThoughts
Refractoriness,ontriscal:Refractoriness
RelaxationTechniques,ontriscal:RelaxationTechniques
Restlessness,ontriscal:Restlessness
Rigidity,ontriscal:Rigidity
RiskForYouAndOthers,ontriscal:RiskForYouAndOthers
RiskLevel,ontriscal:RiskLevel
RiskRange,ontriscal:RiskRange
RiskScore,ontriscal:RiskScore
Rules,ontriscal:Rules
Sadness,ontriscal:Sadness
Score,ontriscal:Score
Secondary,ontriscal:Secondary
SecuritySearch,ontriscal:SecuritySearch
SelectiveAbstraction,ontriscal:SelectiveAbstraction
Self-Instruction,ontriscal:Self-Instruction
Senseperception,ontriscal:Senseperception
ShoeGlue,ontriscal:ShoeGlue
ShortnessOfBreath,ontriscal:ShortnessOfBreath
SignalAndSymptomSeverity,ontriscal:SignalAndSymptomSeverity
SignAndSymptom,ontriscal:SignAndSymptom
Sleep,ontriscal:Sleep
Sleepleness,ontriscal:Sleepleness
SlightDelay,ontriscal:SlightDelay
SlowingOfThought,ontriscal:SlowingOfThought
Smoking,ontriscal:Smoking
SocialAssistance,ontriscal:SocialAssistance
SocialSkillsTechniques,ontriscal:SocialSkillsTechniques
SocialVulnerability,ontriscal:SocialVulnerability
SocioDemographicData,ontriscal:SocioDemographicData
SocraticQuestioning,ontriscal:SocraticQuestioning
Somatoform,ontriscal:Somatoform
SpasmodicAnginaDiabetesFibromyalgia,ontriscal:SpasmodicAnginaDiabetesFibromyalgia
SpecificGroupService,ontriscal:SpecificGroupService
SpectatorOrDistantObserver,ontriscal:SpectatorOrDistantObserver
SpineSurgeries,ontriscal:SpineSurgeries
StomachPain,ontriscal:StomachPain
Stoppage,ontriscal:Stoppage
Submission,ontriscal:Submission
Suppositions,ontriscal:Suppositions
Sweating,ontriscal:Sweating
SwitchingRoles,ontriscal:SwitchingRoles
Symptomatology,ontriscal:Symptomatology
TactileHallucination,ontriscal:TactileHallucination
TactileHypoesthesia,ontriscal:TactileHypoesthesia
TerrifyingThoughts,ontriscal:TerrifyingThoughts
Tertiary,ontriscal:Tertiary
TherapeuticAction,ontriscal:TherapeuticAction
Therapist,ontriscal:Therapist
ThoughtBlockingOrInterjection,ontriscal:ThoughtBlockingOrInterjection
ThoughtStop,ontriscal:ThoughtStop
Thought-stoppingAndSelf-instruction,ontriscal:Thought-stoppingAndSelf-instruction
ThreatHypervigilance,ontriscal:ThreatHypervigilance
Thrombosis,ontriscal:Thrombosis
ThyroidHypertension,ontriscal:ThyroidHypertension
Tingling,ontriscal:Tingling
Tobacco,ontriscal:Tobacco
Tremor,ontriscal:Tremor
UnconditionalAcceptanceOfCriticism,ontriscal:UnconditionalAcceptanceOfCriticism
UnfairComparisons,ontriscal:UnfairComparisons
UseOfRewards,ontriscal:UseOfRewards
UseOfSubstance,ontriscal:UseOfSubstance
VascularDementia,ontriscal:VascularDementia
Victimization,ontriscal:Victimization
VisualHallucination,ontriscal:VisualHallucination
Vitiligo,ontriscal:Vitiligo
Weakness,ontriscal:Weakness
WhatIf,ontriscal:WhatIf
Yes,ontriscal:Yes
